id,category,question,reference_answer,answer,route,abstained,expected_abstention,contexts,reference_contexts,faithfulness,answer_relevancy,llm_context_precision_with_reference,context_recall
simple_jokic_3p,simple,Quel est le pourcentage à 3 points de Nikola Jokić ?,"Nikola Jokić affiche 41,7 % à 3 points, avec 140 tirs marqués sur 329 tentés.","Le pourcentage à 3 points de Nikola Jokić pour la saison concernée est de **41,7 %** (colonne `three_point_pct`).",SQL,False,False,"[""Le pourcentage à 3 points de Nikola Jokić pour la saison concernée est de **41,7 %** (colonne `three_point_pct`).""]",['Nikola Jokić DEN 30 70 46 24 36.7 2072 784 1365 57.6 140 329 41.7'],1.0,0.9523870976835921,0.9999999999,0.5
comparaison_rebonds,complexe,"Qui a le plus de rebonds entre Nikola Jokić, Karl-Anthony Towns et Giannis Antetokounmpo ?","Karl-Anthony Towns a le plus de rebonds avec 922, devant Nikola Jokić (889) et Giannis Antetokounmpo (797).","Karl-Anthony Towns a le plus de rebonds parmi les trois joueurs avec un total de **922 rebonds** cette saison. Les données utilisées sont : 
- **player_name** : 'Karl-Anthony Towns', 'Nikola Jokić', 'Giannis Antetokounmpo'
- **total_rebounds** : 922, 889, 797.",SQL,False,False,"[""Karl-Anthony Towns a le plus de rebonds parmi les trois joueurs avec un total de **922 rebonds** cette saison. Les données utilisées sont : \n- **player_name** : 'Karl-Anthony Towns', 'Nikola Jokić', 'Giannis Antetokounmpo'\n- **total_rebounds** : 922, 889, 797.""]","['Nikola Jokić DEN', 'Karl-Anthony Towns NYK', 'Giannis Antetokounmpo MIL']",1.0,0.8723224460345488,0.9999999999,1.0
curry_edwards,complexe,Compare le pourcentage à 3 points de Stephen Curry et Anthony Edwards.,"Stephen Curry est à 39,7 % à 3 points contre 39,5 % pour Anthony Edwards, soit 0,2 point de plus pour Curry.","Les pourcentages à 3 points de Stephen Curry et Anthony Edwards pour la saison sont respectivement de **39,7%** (colonne `three_point_pct`) et **39,5%** (colonne `three_point_pct`). Stephen Curry a donc un pourcentage légèrement supérieur à celui d'Anthony Edwards.",SQL,False,False,"[""Les pourcentages à 3 points de Stephen Curry et Anthony Edwards pour la saison sont respectivement de **39,7%** (colonne `three_point_pct`) et **39,5%** (colonne `three_point_pct`). Stephen Curry a donc un pourcentage légèrement supérieur à celui d'Anthony Edwards.""]","['Stephen Curry GSW', 'Anthony Edwards MIN']",1.0,0.8871517641625296,0.9999999999,1.0
bruit_jokic,bruitee,c koi le % a 3 pts de jokic stp ?,"Nikola Jokić affiche 41,7 % à 3 points.",Le pourcentage à 3 points de Nikola Jokić pour la saison est de **41.7%** (colonne `three_point_pct`).,SQL,False,False,"[""Le pourcentage à 3 points de Nikola Jokić pour la saison est de **41.7%** (colonne `three_point_pct`).""]",['Nikola Jokić DEN'],1.0,0.8135861407779074,0.9999999999,1.0
five_games,non_repondable,Quel joueur a le meilleur pourcentage à 3 points sur les cinq derniers matchs ?,"Je ne peux pas répondre : la source contient des statistiques de saison agrégées, pas les cinq derniers matchs.",Je ne peux pas repondre avec les donnees structurees disponibles : Les donnees structurees disponibles ne permettent pas cette granularite (saison uniquement).,SQL,True,True,"[""Je ne peux pas repondre avec les donnees structurees disponibles : Les donnees structurees disponibles ne permettent pas cette granularite (saison uniquement).""]",[],1.0,0.0,0.9999999999,1.0
home_away,non_repondable,Compare les statistiques de rebonds de l'équipe à domicile et à l'extérieur.,Je ne peux pas comparer domicile et extérieur : la source ne fournit pas ce découpage.,Je ne peux pas repondre avec les donnees structurees disponibles : Les donnees structurees disponibles ne permettent pas cette granularite (saison uniquement).,SQL,True,True,"[""Je ne peux pas repondre avec les donnees structurees disponibles : Les donnees structurees disponibles ne permettent pas cette granularite (saison uniquement).""]",[],1.0,0.0,0.9999999999,1.0
weather,hors_perimetre,Quelle sera la météo du prochain match à Denver ?,"Je ne peux pas répondre, car cette information n'est pas présente dans les archives NBA fournies.",Je ne peux pas répondre concernant la météo du prochain match à Denver. Les données fournies ne contiennent aucune information liée à la météo ou aux conditions climatiques des matchs.,RAG,False,True,"[""[chunk_id=6_1] NaN NaN 34 MEM NaN NaN NaN NaN NaN NaN NaN 35 NaN NaN NaN NaN NaN NaN NaN NaN 36 NaN NaN NaN NaN NaN NaN NaN NaN 37 Analyse d'une équipe NaN NaN NaN NaN NaN NaN NaN 38 NaN NaN NaN NaN NaN NaN NaN NaN 39 NaN NaN NaN NaN NaN NaN NaN NaN 40 NaN NaN NaN NaN NaN NaN NaN NaN 41 NaN NaN NaN NaN NaN NaN NaN NaN 42 NaN NaN NaN NaN NaN NaN NaN NaN 43 NaN NaN NaN NaN NaN NaN NaN NaN 44 NaN NaN NaN NaN NaN NaN NaN NaN 45 NaN NaN NaN NaN NaN NaN NaN NaN 46 NaN NaN NaN NaN NaN NaN NaN NaN 47 NaN NaN NaN NaN NaN NaN NaN NaN 48 NaN NaN NaN NaN NaN NaN NaN NaN 49 NaN NaN NaN NaN NaN NaN NaN NaN 50 NaN NaN NaN NaN NaN NaN NaN NaN 51 NaN NaN NaN NaN NaN NaN NaN NaN 52 NaN NaN NaN NaN NaN NaN NaN NaN 53 NaN NaN NaN NaN NaN NaN NaN NaN 54 NaN NaN NaN NaN NaN NaN NaN NaN 55 NaN NaN NaN NaN NaN NaN NaN NaN 56 NaN NaN NaN NaN NaN NaN NaN NaN 57 NaN NaN NaN NaN NaN NaN NaN NaN 58 NaN NaN NaN NaN NaN NaN NaN NaN 59 NaN NaN NaN NaN NaN NaN NaN NaN 60 NaN NaN NaN NaN NaN NaN NaN NaN 61 NaN NaN NaN NaN NaN NaN NaN NaN 62 NaN NaN NaN NaN NaN NaN NaN NaN 63 NaN NaN NaN NaN NaN NaN NaN NaN 64 NaN NaN NaN NaN NaN NaN NaN NaN 65 NaN NaN NaN NaN NaN NaN NaN NaN 66 NaN NaN NaN NaN NaN NaN NaN NaN 67 NaN NaN NaN NaN NaN NaN NaN NaN 68 NaN NaN NaN NaN NaN NaN NaN NaN 69 NaN NaN NaN NaN NaN NaN NaN NaN 70 NaN NaN NaN NaN NaN NaN NaN NaN 71 NaN NaN NaN NaN NaN NaN NaN NaN 72 NaN NaN NaN NaN NaN NaN NaN NaN 73 NaN NaN NaN NaN NaN NaN NaN NaN 74 NaN NaN NaN NaN NaN NaN NaN NaN 75 NaN NaN NaN NaN NaN NaN NaN NaN 76"", ""[chunk_id=1_13] Répondre Hobonium -15 j Won't someone please think of the advertising revenue?? 4 5 Répondre metaldetector6g ~15 j Giannis to lakers mock during game finals halftime show. 0 1 Répondre couchtomato62 ~15 j Who care about media. don't even watch pre or post game and turn down the sound during half time: During most of the playoffs was watching the games on league pass. they had a no commentators version with only sounds from the court. It was fantastic. 4 1 Répondre dalivo ~15 j It'Il be a snooze fest because OKC is going to steamroll Indiana https:/lwww reddit.comlrInbalcomments/1kxixih/how_is_it_that_the_two best_teams_ the playoffsl 10/23 they' they they they pro 12/06/2025 13.09 How is it that the two best teams in the playoffs based on stats having chance of playing against each other in the Finals, is Accéder au contenu principal Se connecter Which is so ironic because ratings be down (which costs them money and nobody else) because of them directly. 4 1 Répondre WeenisWrinkle . -15 j Right? Big markets, big stars, and big brands get viewers. The hardcore fans want good basketball above all else; but most casual viewers don't. 4 1 Répondre IScraggyBo -14 j medias obsession is just the same as the commenters on reddit's obsession; don't blame the MSM for something prevalent in the 'fans' as well U 1 Répondre BethesdaFR Sponsorisé(e) Salut Reddit .. Nous recherchons des aventuriers Quelle serait votre meilleure attaque contre ce dragon Dites-le-nous dans les commentaires"", ""[chunk_id=1_10] supplémentaires GodWhyPlease ~15 j The Steelers are a horrible example haven't had a losing season in 20 years_ But yeah; NFL has mastered it 0 4 Répondre begging_brother \""15 j \""Not losing\"" rarely drives fan engagement. 2 decades of mediocrity from a small market team ought to shrink the fan base It does in nearly other case in every other sport. In the NFL it doesn't at all. 10 Répondre reponses supplémentaires Janal88sepsis -15 j And the hard cap makes ot easier for small market teams, nba needs to figure it's shit out on that if want parity 4 4 Répondre Snakescipio -15 j The second apron's as close to a hard as we're gonna get; and we're definitely in this age of parity right now. In previous years the Celtics probably just eats an injury year from Tatum and then run it back; but now it looks like 're gonna blow up the roster. 4 7 Répondre 2 réponses supplémentaires Dakozi ~15 j https://www reddit.comirinbalcommentsl 1kxixihlhow is_it_that_the_two best_teams the playoffsl 8/23 they they every they cap they' 12/06/2025 13.09 How is it that the two best teams in the playoffs based on stats having chance of playing against each other in the Finals, is Accéder au contenu principal Se connecter Ill never say it was full on rigged; but there was a massive benefit to having KC go far in the playoffs 4 1 & Répondre lbegging_brother ~14 j Like for example right here 4 2 Répondre Smart_Water ~15 j Green has a population of 105,000 yet you could find a Packers jersey in any NFL"", ""[chunk_id=8_0] Dictionnaire des données Unnamed: 1 0 Player Nom du joueur 1 Team Équipe du joueur (code à 3 lettres) 2 Age Âge du joueur 3 GP Nombre de matchs joués (Games Played) 4 W Nombre de victoires de l'équipe lors des matchs joués 5 L Nombre de défaites 6 Min Minutes moyennes jouées par match 7 PTS Points marqués en moyenne par match 8 FGM Tirs réussis par match (Field Goals Made) 9 FGA Tirs tentés par match (Field Goals Attempted) 10 FG% Pourcentage de réussite aux tirs 11 15:00:00 Minutes jouées après 15:00 de jeu 12 3PA Tirs à 3 points tentés par match 13 3P% Pourcentage de réussite à 3 points 14 FTM Lancers francs réussis (Free Throws Made) 15 FTA Lancers francs tentés 16 FT% Pourcentage de réussite aux lancers francs 17 OREB Rebonds offensifs 18 DREB Rebonds défensifs 19 REB Rebonds totaux 20 AST Passes décisives (Assists) 21 TOV Balles perdues (Turnovers) 22 STL Interceptions (Steals) 23 BLK Contres (Blocks) 24 PF Fautes personnelles 25 FP Fantasy Points 26 DD2 Double-doubles (≥10 dans deux catégories principales) 27 TD3 Triple-doubles (≥10 dans trois catégories principales) 28 + / - Plus-Minus (écart de score lorsque le joueur est sur le terrain) 29 OFFRTG Offensive Rating (points marqués par 100 possessions) 30 DEFRTG Defensive Rating (points encaissés par 100 possessions) 31 NETRTG Net Rating = OFFRTG - DEFRTG 32 AST% Pourcentage d'assists – implication dans les passes décisives 33 AST/TO Ratio passes / pertes de balle 34 AST RATIO Ratio d’assists pour 100 possessions 35"", ""[chunk_id=0_0] 12/06/2025 13.06 Who are teams in the playoffs that have impressed you ? rInba Accéder au contenu principal Rechercher dans r/nba YA Se connecter rInba il y a 1 m MannerSuperb Who are teams in the playoffs that have impressed you ? For me it's the Despite awful shooting have really taken the defending champs to the brink. Im a little biased as a Duke fan but Paolo and Franz are absolute dogs and my favorite young wing duo in the league those guys have shown are built for playoff basketball with their shot making and competing defensively. truly hope orl can get those kids some real shooters and a true point theirs another level their games and overall team can reach if simply had some floor spacing and average play around them. 31 236 Partager xometry_europe Sponsorisé(e) \""Si seulement je l'avais su plus tôt\"" , disent souvent les ingénieurs et dessinateurs après Accélérez le avoir découvert les possibilités de prototypage offertes par Xometry. Face aux méthodes développement de vos prototypes avec Xometry traditionnelles; la plateforme Xometry apporte rapidité et flexibilité. oplimsez Vos oroessus fegiuie] eos IioC Sui Marchle Yracrahuorication , aetande En savoir plus pages xometry eu Xometry Rejoindre la conversation Trier par Meilleurs Rechercher des commentaires NotWD . -1 Ant's been a machine as expected; but Randle's genuinely beating the beyblade allegations and it's so nice to see 186 Répondre MG MN Comm. du 1% Randle has been a revelation. His bully ball has worked""]",[],0.5,0.0,0.0,1.0
